epoch,train_loss,val_loss,val_iou_talc,val_iou_not_talc,val_pixel_acc,seconds
1,0.646255,0.558129,0.526502,0.645541,0.74575,20.86
2,0.586491,0.57943,0.377868,0.631251,0.698727,11.26
3,0.53815,0.564225,0.407014,0.642344,0.712839,11.78
